{"cameraMode":{"drawMode":0,"name":"Shaded","section":"Shading Mode"},"sceneLighting":true,"audioPlay":false,"sceneViewState":{"m_AlwaysRefresh":false,"showFog":true,"showSkybox":true,"showFlares":true,"showImageEffects":true,"showParticleSystems":true,"showVisualEffectGraphs":true,"m_FxEnabled":true},"in2DMode":false,"pivot":{"x":-0.00007475912570953369,"y":-0.07772582769393921,"z":0.003023803234100342},"rotation":{"x":-0.10093808174133301,"y":0.7469143271446228,"z":-0.11656361818313599,"w":-0.646812915802002},"size":12.888057708740235,"orthographic":false}